<?xml version="1.0" encoding="UTF-8"?>
<project-private xmlns="http://www.netbeans.org/ns/project-private/1">
    <editor-bookmarks xmlns="http://www.netbeans.org/ns/editor-bookmarks/2" lastBookmarkId="0"/>
    <open-files xmlns="http://www.netbeans.org/ns/projectui-open-files/2">
        <group>
            <file>file:/C:/Users/cianh/Documents/NetBeansProjects/ElectionApp_v0.5CH/src/electionapp/MainGUI.java</file>
            <file>file:/C:/Users/cianh/Documents/NetBeansProjects/ElectionApp_v0.5CH/src/electionapp/Candidate.java</file>
            <file>file:/C:/Users/cianh/Documents/NetBeansProjects/ElectionApp_v0.5CH/src/electionapp/Admin.java</file>
            <file>file:/C:/Users/cianh/Documents/NetBeansProjects/ElectionApp_v0.5CH/src/electionapp/AdminGUI.java</file>
            <file>file:/C:/Users/cianh/Documents/NetBeansProjects/ElectionApp_v0.5CH/src/electionapp/Voter.java</file>
            <file>file:/C:/Users/cianh/Documents/NetBeansProjects/ElectionApp_v0.5CH/src/electionapp/VoterGUI.java</file>
        </group>
    </open-files>
</project-private>
